ini;lib;tam_matr1;tam_matr2;poly_modulus_degree;encriptacion;precision;t_matr1_square_total;m_matr1_square_total;t_matr1_matr2_multiply_total;m_matr1_matr2_multiply_total;t_matr1_matr2_matrix_multiply_total;m_matr1_matr2_matrix_multiply_total;fin
1722944619.001972;Plain computation;1x1;1x1;8192;128;40;7.3909759521484375e-06;131072;1.1920928955078125e-06;0;6.9141387939453125e-06;0;1722944619.0020754
1722949633.2517786;Plain computation;1x1;1x1;8192;128;40;1.8358230590820312e-05;0;1.6689300537109375e-06;0;1.1682510375976562e-05;0;1722949633.2519703
